worker_id,worker_name
1,John
2,Mary
3,James
4,Linda
5,William
6,Sarah
7,David
8,Karen
9,Michael
10,Emily
11,Robert
12,Jennifer
13,Joseph
14,Emma
15,Charles
16,Samantha
17,Thomas
18,Amanda
19,Matthew
20,Olivia
21,Andrew
22,Jessica
23,Steven
24,Megan
25,Daniel
26,Lauren
27,Anthony
28,Ashley
29,Christopher
30,Sophia
31,Mark
32,Kayla
33,Paul
34,Elizabeth
35,Donald
36,Amy
37,George
38,Melissa
39,Kenneth
40,Stephanie
41,Steven
42,Rebecca
43,Edward
44,Michelle
45,Richard
46,Tiffany
47,Ronald
48,Natalie
49,William
50,Amber
51,Jason
52,Brittany
53,Brian
54,Megan
55,Kevin
56,Victoria
57,Jeffrey
58,Rachel
59,Scott
60,Christina
61,Larry
62,Kimberly
63,Justin
64,Sarah
65,Timothy
66,Hannah
67,Jonathan
68,Lauren
69,Ryan
70,Anna
71,Nicholas
72,Emily
73,Eric
74,Alexis
75,Benjamin
76,Samantha
77,Adam
78,Julia
79,Joshua
80,Alexandra
81,Joseph
82,Ashley
83,Brandon
84,Jack
85,Steven
86,Jessica
87,Thomas
88,Megan
89,James
90,Abigail
91,David
92,Grace
93,Michael
94,Lily
95,Robert
96,Chloe
97,Matthew
98,Sophia
99,Daniel
100,Mia